d1,d2,d3,d4,d5,validloss
0.1,0.0,0.2,0.0,0.2,0.0833827555179596
0.2,0.1,0.2,0.2,0.1,0.08937743306159973
0.1,0.0,0.0,0.0,0.1,0.0949639
0.0,0.2,0.0,0.1,0.2,0.09559954
0.0,0.2,0.2,0.0,0.0,0.09671236574649811
0.0,0.1,0.1,0.0,0.1,0.09675700217485428
0.1,0.2,0.2,0.0,0.2,0.0967986062169075
0.0,0.2,0.1,0.1,0.2,0.09803386777639389
0.2,0.2,0.2,0.0,0.0,0.09809686243534088
0.1,0.1,0.1,0.2,0.1,0.09813781082630157
0.0,0.2,0.2,0.2,0.1,0.09830907732248306
0.1,0.1,0.0,0.2,0.2,0.098386526
0.0,0.0,0.0,0.2,0.2,0.098516986
0.1,0.1,0.0,0.1,0.0,0.09854803
0.0,0.1,0.1,0.2,0.2,0.09864303469657898
0.0,0.0,0.2,0.1,0.2,0.09908982366323471
0.0,0.0,0.0,0.0,0.2,0.0991751
0.2,0.2,0.0,0.1,0.0,0.09927719086408615
0.1,0.0,0.0,0.1,0.0,0.099579364
0.0,0.0,0.1,0.2,0.2,0.09960219264030457
0.0,0.0,0.2,0.2,0.0,0.09976015239953995
0.1,0.1,0.2,0.1,0.1,0.1002621278166771
0.2,0.0,0.0,0.0,0.2,0.10027506202459335
0.1,0.1,0.0,0.1,0.2,0.10037981
0.1,0.0,0.0,0.1,0.1,0.100436285
0.0,0.2,0.1,0.2,0.2,0.10056369006633759
0.2,0.0,0.2,0.2,0.2,0.10058736801147461
0.2,0.2,0.0,0.1,0.1,0.10061802715063095
0.0,0.2,0.1,0.0,0.2,0.1011333018541336
0.1,0.2,0.1,0.1,0.2,0.1012241318821907
0.2,0.0,0.2,0.0,0.2,0.10140592604875565
0.2,0.2,0.2,0.1,0.1,0.10154347121715546
0.0,0.2,0.0,0.1,0.1,0.101596884
0.1,0.2,0.2,0.0,0.0,0.10200400650501251
0.2,0.1,0.1,0.2,0.0,0.10206227004528046
0.1,0.1,0.2,0.2,0.2,0.10210854560136795
0.0,0.1,0.0,0.0,0.0,0.10212968
0.2,0.1,0.0,0.2,0.2,0.1021488830447197
0.0,0.1,0.0,0.1,0.0,0.10218277
0.2,0.0,0.0,0.2,0.1,0.10221471637487411
0.1,0.1,0.1,0.0,0.1,0.10260733962059021
0.0,0.1,0.1,0.2,0.1,0.10268279910087585
0.1,0.1,0.1,0.1,0.1,0.1026960089802742
0.0,0.1,0.0,0.0,0.1,0.10281753
0.0,0.2,0.1,0.1,0.1,0.10286915302276611
0.0,0.0,0.1,0.0,0.1,0.10300798714160919
0.1,0.1,0.1,0.1,0.2,0.10307017713785172
0.2,0.1,0.0,0.1,0.2,0.10331013053655624
0.1,0.0,0.1,0.2,0.1,0.10349151492118835
0.2,0.2,0.2,0.2,0.2,0.10354825854301453
0.0,0.2,0.0,0.2,0.0,0.103709124
0.2,0.0,0.1,0.2,0.0,0.10377763211727142
0.2,0.0,0.2,0.1,0.0,0.1037885770201683
0.1,0.2,0.0,0.2,0.1,0.10398908
0.1,0.0,0.2,0.1,0.2,0.10400379449129105
0.0,0.2,0.2,0.2,0.0,0.10409814864397049
0.2,0.2,0.1,0.1,0.1,0.10432597994804382
0.0,0.1,0.2,0.1,0.2,0.10436888039112091
0.1,0.2,0.2,0.2,0.1,0.1046314463019371
0.1,0.0,0.2,0.2,0.1,0.1048278883099556
0.2,0.0,0.1,0.0,0.0,0.10497242957353592
0.2,0.1,0.1,0.1,0.1,0.10498811304569244
0.1,0.0,0.0,0.1,0.2,0.10499806
0.0,0.2,0.0,0.2,0.2,0.10501149
0.1,0.1,0.0,0.0,0.0,0.10501577
0.0,0.2,0.1,0.0,0.0,0.1050400361418724
0.1,0.1,0.2,0.1,0.0,0.10514790564775467
0.1,0.1,0.2,0.0,0.2,0.10534405708312988
0.0,0.1,0.0,0.0,0.2,0.10536002
0.0,0.1,0.0,0.2,0.0,0.10541625
0.1,0.1,0.2,0.2,0.0,0.1054229885339737
0.0,0.2,0.0,0.0,0.2,0.105437726
0.2,0.2,0.2,0.0,0.1,0.1055789440870285
0.2,0.0,0.1,0.1,0.2,0.10575415939092636
0.2,0.2,0.0,0.2,0.2,0.10587135702371597
0.0,0.1,0.1,0.1,0.2,0.10593193024396896
0.0,0.0,0.0,0.2,0.1,0.10607627
0.2,0.2,0.1,0.0,0.1,0.1060958057641983
0.0,0.0,0.0,0.2,0.0,0.10622753
0.0,0.0,0.2,0.2,0.2,0.10626687109470367
0.2,0.0,0.0,0.1,0.1,0.10648287087678909
0.1,0.2,0.2,0.1,0.0,0.10656310617923737
0.0,0.1,0.0,0.1,0.2,0.10659156
0.0,0.0,0.0,0.1,0.1,0.10668852
0.1,0.2,0.0,0.2,0.2,0.10674708
0.2,0.2,0.1,0.0,0.2,0.10687020421028137
0.2,0.1,0.0,0.1,0.1,0.10694920271635056
0.0,0.1,0.1,0.2,0.0,0.10704945027828217
0.2,0.0,0.1,0.2,0.2,0.10708887130022049
0.1,0.0,0.1,0.0,0.0,0.10709229856729507
0.1,0.2,0.2,0.2,0.0,0.10721390694379807
0.2,0.1,0.0,0.2,0.0,0.10741651058197021
0.0,0.0,0.1,0.0,0.2,0.10749693214893341
0.2,0.1,0.0,0.2,0.1,0.10768125206232071
0.0,0.0,0.0,0.1,0.0,0.10771371
0.2,0.1,0.1,0.0,0.2,0.10778522491455078
0.1,0.0,0.0,0.0,0.2,0.10789084
0.0,0.2,0.0,0.1,0.0,0.10791525
0.2,0.1,0.1,0.0,0.0,0.10797321051359177
0.0,0.0,0.1,0.0,0.0,0.10799168795347214
0.1,0.0,0.0,0.2,0.0,0.10817002
0.0,0.1,0.2,0.0,0.1,0.10826250910758972
0.1,0.0,0.0,0.2,0.2,0.10837617
0.1,0.2,0.0,0.0,0.2,0.1083914
0.1,0.2,0.2,0.0,0.1,0.10842582583427429
0.2,0.1,0.2,0.0,0.1,0.10854712873697281
0.1,0.0,0.2,0.1,0.0,0.10856740921735764
0.1,0.0,0.1,0.1,0.2,0.10859020799398422
0.0,0.2,0.2,0.1,0.2,0.10862003266811371
0.1,0.0,0.1,0.0,0.2,0.1086365208029747
0.0,0.0,0.1,0.2,0.1,0.10867936164140701
0.1,0.2,0.0,0.0,0.0,0.10870554
0.2,0.0,0.0,0.2,0.2,0.1087513193488121
0.1,0.0,0.0,0.2,0.1,0.10885752
0.2,0.1,0.0,0.0,0.0,0.10887301713228226
0.0,0.2,0.1,0.2,0.0,0.10905785113573074
0.2,0.1,0.1,0.2,0.1,0.1090635284781456
0.1,0.0,0.1,0.2,0.0,0.10907106101512909
0.0,0.2,0.0,0.2,0.1,0.10907577
0.0,0.2,0.2,0.1,0.1,0.10913132131099701
0.2,0.2,0.2,0.1,0.0,0.10921338200569153
0.2,0.2,0.0,0.1,0.2,0.10921826958656311
0.1,0.2,0.2,0.1,0.1,0.10924895852804184
0.2,0.1,0.2,0.2,0.2,0.10933320969343185
0.1,0.1,0.1,0.1,0.0,0.10937977582216263
0.0,0.0,0.1,0.1,0.1,0.10954191535711288
0.1,0.0,0.1,0.1,0.0,0.1096976101398468
0.2,0.2,0.0,0.2,0.0,0.10985647141933441
0.1,0.1,0.2,0.1,0.2,0.10987959057092667
0.2,0.0,0.2,0.2,0.0,0.11013037711381912
0.2,0.1,0.2,0.0,0.2,0.11015596985816956
0.2,0.2,0.0,0.0,0.2,0.11018489301204681
0.2,0.0,0.2,0.0,0.1,0.11023128032684326
0.2,0.0,0.1,0.1,0.0,0.11024672538042068
0.2,0.2,0.0,0.0,0.0,0.11027444154024124
0.2,0.2,0.1,0.0,0.0,0.11029393970966339
0.1,0.1,0.1,0.0,0.0,0.11035028845071793
0.0,0.0,0.2,0.0,0.1,0.11040865629911423
0.1,0.1,0.0,0.1,0.1,0.110502645
0.1,0.2,0.1,0.2,0.0,0.11069214344024658
0.2,0.2,0.1,0.2,0.1,0.11069878935813904
0.1,0.1,0.1,0.2,0.2,0.11083579808473587
0.1,0.2,0.1,0.0,0.1,0.11097464710474014
0.0,0.1,0.2,0.0,0.2,0.11103064566850662
0.1,0.1,0.0,0.0,0.1,0.1110312
0.2,0.1,0.1,0.1,0.0,0.11109276115894318
0.0,0.2,0.1,0.0,0.1,0.11114835739135742
0.2,0.2,0.1,0.2,0.0,0.11128213256597519
0.1,0.1,0.0,0.0,0.2,0.11142659
0.1,0.2,0.1,0.2,0.2,0.11160704493522644
0.1,0.1,0.2,0.2,0.1,0.11166343837976456
0.1,0.2,0.1,0.0,0.0,0.11166700720787048
0.0,0.0,0.2,0.2,0.1,0.11170037090778351
0.0,0.1,0.2,0.2,0.2,0.11171840131282806
0.0,0.0,0.1,0.1,0.2,0.11173170059919357
0.0,0.2,0.1,0.1,0.0,0.11173783987760544
0.1,0.1,0.0,0.2,0.0,0.11179911
0.2,0.0,0.1,0.1,0.1,0.11197821795940399
0.1,0.0,0.0,0.0,0.0,0.11206549
0.0,0.1,0.1,0.0,0.0,0.11208456009626389
0.0,0.0,0.1,0.2,0.0,0.11219770461320877
0.2,0.1,0.1,0.2,0.2,0.11227237433195114
0.2,0.0,0.2,0.1,0.2,0.1126379743218422
0.2,0.2,0.0,0.2,0.1,0.11271775513887405
0.0,0.2,0.0,0.0,0.0,0.11280076
0.2,0.2,0.2,0.2,0.0,0.11282900720834732
0.2,0.0,0.1,0.0,0.2,0.11299651116132736
0.1,0.0,0.1,0.2,0.2,0.11310936510562897
0.0,0.1,0.0,0.2,0.2,0.11313769
0.2,0.1,0.1,0.1,0.2,0.1132211983203888
0.1,0.2,0.0,0.1,0.1,0.113338344
0.0,0.1,0.1,0.1,0.1,0.1133619025349617
0.1,0.1,0.0,0.2,0.1,0.11346296
0.0,0.1,0.2,0.1,0.1,0.11348415911197662
0.2,0.0,0.2,0.1,0.1,0.11351081728935242
0.2,0.0,0.1,0.2,0.1,0.11353402584791183
0.1,0.2,0.0,0.1,0.0,0.11357507
0.1,0.1,0.1,0.0,0.2,0.11395429819822311
0.1,0.0,0.2,0.1,0.1,0.11417756229639053
0.0,0.1,0.0,0.2,0.1,0.11424672
0.0,0.2,0.2,0.0,0.1,0.11456089466810226
0.0,0.0,0.2,0.0,0.2,0.11472678184509277
0.0,0.2,0.2,0.0,0.2,0.11492624878883362
0.1,0.0,0.1,0.0,0.1,0.11512430757284164
0.2,0.0,0.0,0.0,0.1,0.11568427085876465
0.1,0.2,0.0,0.0,0.1,0.115775235
0.2,0.1,0.1,0.0,0.1,0.11595142632722855
0.1,0.0,0.2,0.0,0.0,0.11686131358146667
0.2,0.0,0.0,0.1,0.2,0.11721275001764297
0.2,0.1,0.0,0.0,0.2,0.11736118048429489
0.1,0.0,0.2,0.2,0.2,0.11794748157262802
0.1,0.2,0.1,0.0,0.2,0.11802307516336441
0.0,0.0,0.2,0.1,0.1,0.11851558089256287
0.1,0.1,0.1,0.2,0.0,0.11867114901542664
0.1,0.1,0.2,0.0,0.1,0.11875474452972412
0.2,0.1,0.2,0.0,0.0,0.1190110519528389
0.2,0.1,0.0,0.1,0.0,0.11905106902122498
0.2,0.2,0.1,0.2,0.2,0.11911755055189133
0.1,0.1,0.2,0.0,0.0,0.1193639412522316
0.0,0.0,0.0,0.0,0.0,0.119965665
0.2,0.0,0.1,0.0,0.1,0.12024471163749695
0.0,0.0,0.1,0.1,0.0,0.1206645742058754
0.2,0.0,0.2,0.2,0.1,0.12178663909435272
0.1,0.2,0.0,0.2,0.0,0.12197297
0.2,0.1,0.0,0.0,0.1,0.12218357622623444
0.1,0.0,0.2,0.2,0.0,0.12383656203746796
0.1,0.2,0.1,0.1,0.1,0.12453217059373856
0.2,0.2,0.0,0.0,0.1,0.12543386220932007
0.2,0.0,0.0,0.0,0.0,0.12722199
0.2,0.1,0.2,0.2,0.0,0.12875166535377502
0.0,0.0,0.0,0.0,0.1,0.15358505
0.1,0.2,0.2,0.1,0.2,0.15371094644069672
0.1,0.2,0.1,0.1,0.0,0.15500855445861816
0.2,0.2,0.2,0.2,0.1,0.15532095730304718
0.2,0.0,0.2,0.0,0.0,0.15616431832313538
0.2,0.2,0.2,0.1,0.2,0.1575450450181961
0.2,0.2,0.1,0.1,0.2,0.1592286378145218
0.2,0.0,0.0,0.2,0.0,0.1601637750864029
0.1,0.2,0.0,0.1,0.2,0.16017531
0.0,0.0,0.2,0.0,0.0,0.1602679193019867
0.0,0.2,0.1,0.2,0.1,0.16064128279685974
0.1,0.0,0.1,0.1,0.1,0.16080571711063385
0.0,0.1,0.2,0.1,0.0,0.16084657609462738
0.2,0.0,0.0,0.1,0.0,0.16110021
0.0,0.2,0.0,0.0,0.1,0.1611399
0.0,0.1,0.1,0.0,0.2,0.16193817555904388
0.2,0.2,0.1,0.1,0.0,0.16198764741420746
0.1,0.2,0.1,0.2,0.1,0.16260425746440887
0.0,0.1,0.1,0.1,0.0,0.16263844072818756
0.0,0.0,0.2,0.1,0.0,0.16286565363407135
0.0,0.1,0.2,0.2,0.0,0.162991002202034
0.0,0.1,0.0,0.1,0.1,0.16301203
0.0,0.1,0.2,0.2,0.1,0.1638551652431488
0.2,0.2,0.2,0.0,0.2,0.1639954000711441
0.0,0.2,0.2,0.2,0.2,0.16411970555782318
0.2,0.1,0.2,0.1,0.0,0.1653420627117157
0.2,0.1,0.2,0.1,0.2,0.16571791470050812
0.0,0.2,0.2,0.1,0.0,0.16653156280517578
0.1,0.0,0.2,0.0,0.1,0.16747412085533142
0.0,0.0,0.0,0.1,0.2,0.16769482
0.2,0.1,0.2,0.1,0.1,0.16771410405635834
0.0,0.1,0.2,0.0,0.0,0.16806726157665253
0.1,0.2,0.2,0.2,0.2,0.17150059342384338
